{
    "type": "minecraft:crafting_shapeless",
    "ingredients": [
        {
            "item": "cobblemon:red_apricorn"
        },
        {
            "item": "minecraft:wheat_seeds"
        },
        {
            "item": "cobblemon:red_apricorn"
        },
        {
            "item": "minecraft:wheat_seeds"
        },
        {
            "item": "cobblemon:red_apricorn"
        },
        {
            "item": "minecraft:wheat_seeds"
        },
        {
            "item": "cobblemon:red_apricorn"
        },
        {
            "item": "minecraft:wheat_seeds"
        },
        {
            "item": "cobblemon:red_apricorn"
        }
    ],
    "result": {
        "item": "cobblemon:red_apricorn_seed",
        "count": 1
    }
}